"ticker","company","sector","url"
"MMM","3M Co.","Industrials","http://finance.yahoo.com/q?s=MMM"
"ACE","ACE Limited","Financials","http://finance.yahoo.com/q?s=ACE"
"ABT","Abbott Laboratories","Health Care","http://finance.yahoo.com/q?s=ABT"
"ANF","Abercrombie  Fitch Company A","Consumer Discretionary","http://finance.yahoo.com/q?s=ANF"
"ACN","Accenture","Information Technology","http://finance.yahoo.com/q?s=ACN"
"ADBE","Adobe Systems Inc","Information Technology","http://finance.yahoo.com/q?s=ADBE"
"AMD","Advanced Micro Devices","Information Technology","http://finance.yahoo.com/q?s=AMD"
"AES","AES Corp","Utilities","http://finance.yahoo.com/q?s=AES"
"AET","Aetna Inc","Health Care","http://finance.yahoo.com/q?s=AET"
"AFL","AFLAC Inc","Financials","http://finance.yahoo.com/q?s=AFL"
"A","Agilent Technologies Inc","Health Care","http://finance.yahoo.com/q?s=A"
"GAS","AGL Resources Inc.","Utilities","http://finance.yahoo.com/q?s=GAS"
"APD","Air Products  Chemicals Inc","Materials","http://finance.yahoo.com/q?s=APD"
"ARG","Airgas Inc","Materials","http://finance.yahoo.com/q?s=ARG"
"AKAM","Akamai Technologies Inc","Information Technology","http://finance.yahoo.com/q?s=AKAM"
"AA","Alcoa Inc","Materials","http://finance.yahoo.com/q?s=AA"
"ALXN","Alexion Pharmaceuticals","Health Care","http://finance.yahoo.com/q?s=ALXN"
"ATI","Allegheny Technologies Inc","Materials","http://finance.yahoo.com/q?s=ATI"
"AGN","Allergan Inc","Health Care","http://finance.yahoo.com/q?s=AGN"
"ALL","Allstate Corp","Financials","http://finance.yahoo.com/q?s=ALL"
"ANR","Alpha Natural Resources","Energy","http://finance.yahoo.com/q?s=ANR"
"ALTR","Altera Corp","Information Technology","http://finance.yahoo.com/q?s=ALTR"
"MO","Altria Group Inc","Consumer Staples","http://finance.yahoo.com/q?s=MO"
"AMZN","Amazon.com Inc","Consumer Discretionary","http://finance.yahoo.com/q?s=AMZN"
"AEE","Ameren Corp","Utilities","http://finance.yahoo.com/q?s=AEE"
"AEP","American Electric Power","Utilities","http://finance.yahoo.com/q?s=AEP"
"AXP","American Express Co","Financials","http://finance.yahoo.com/q?s=AXP"
"AIG","American Intl Group Inc","Financials","http://finance.yahoo.com/q?s=AIG"
"AMT","American Tower Corp A","Financials","http://finance.yahoo.com/q?s=AMT"
"AMP","Ameriprise Financial","Financials","http://finance.yahoo.com/q?s=AMP"
"ABC","AmerisourceBergen Corp","Health Care","http://finance.yahoo.com/q?s=ABC"
"AMGN","Amgen Inc","Health Care","http://finance.yahoo.com/q?s=AMGN"
"APH","Amphenol Corp A","Industrials","http://finance.yahoo.com/q?s=APH"
"APC","Anadarko Petroleum Corp","Energy","http://finance.yahoo.com/q?s=APC"
"ADI","Analog Devices Inc","Information Technology","http://finance.yahoo.com/q?s=ADI"
"AON","Aon plc","Financials","http://finance.yahoo.com/q?s=AON"
"APA","Apache Corporation","Energy","http://finance.yahoo.com/q?s=APA"
"AIV","Apartment Investment  Mgmt","Financials","http://finance.yahoo.com/q?s=AIV"
"APOL","Apollo Group Inc","Consumer Discretionary","http://finance.yahoo.com/q?s=APOL"
"AAPL","Apple Inc.","Information Technology","http://finance.yahoo.com/q?s=AAPL"
"AMAT","Applied Materials Inc","Information Technology","http://finance.yahoo.com/q?s=AMAT"
"ADM","Archer-Daniels-Midland Co","Consumer Staples","http://finance.yahoo.com/q?s=ADM"
"AIZ","Assurant Inc","Financials","http://finance.yahoo.com/q?s=AIZ"
"T","ATT Inc","Telecommunications Services","http://finance.yahoo.com/q?s=T"
"ADSK","Autodesk Inc","Information Technology","http://finance.yahoo.com/q?s=ADSK"
"ADP","Automatic Data Processing","Information Technology","http://finance.yahoo.com/q?s=ADP"
"AN","AutoNation Inc","Consumer Discretionary","http://finance.yahoo.com/q?s=AN"
"AZO","AutoZone Inc","Consumer Discretionary","http://finance.yahoo.com/q?s=AZO"
"AVB","AvalonBay Communities, Inc.","Financials","http://finance.yahoo.com/q?s=AVB"
"AVY","Avery Dennison Corp","Industrials","http://finance.yahoo.com/q?s=AVY"
"AVP","Avon Products","Consumer Staples","http://finance.yahoo.com/q?s=AVP"
"BHI","Baker Hughes Inc","Energy","http://finance.yahoo.com/q?s=BHI"
"BLL","Ball Corp","Materials","http://finance.yahoo.com/q?s=BLL"
"BAC","Bank of America Corp","Financials","http://finance.yahoo.com/q?s=BAC"
"BK","The Bank of New York Mellon Corp.","Financials","http://finance.yahoo.com/q?s=BK"
"BCR","Bard (C.R.) Inc.","Health Care","http://finance.yahoo.com/q?s=BCR"
"BAX","Baxter International Inc.","Health Care","http://finance.yahoo.com/q?s=BAX"
"BBT","BBT Corporation","Financials","http://finance.yahoo.com/q?s=BBT"
"BEAM","Beam Inc.","Consumer Discretionary","http://finance.yahoo.com/q?s=BEAM"
"BDX","Becton Dickinson","Health Care","http://finance.yahoo.com/q?s=BDX"
"BBBY","Bed Bath  Beyond","Consumer Discretionary","http://finance.yahoo.com/q?s=BBBY"
"BMS","Bemis Company","Materials","http://finance.yahoo.com/q?s=BMS"
"BRK.B","Berkshire Hathaway","Financials","http://finance.yahoo.com/q?s=BRK.B"
"BBY","Best Buy Co. Inc.","Consumer Discretionary","http://finance.yahoo.com/q?s=BBY"
"BIG","Big Lots Inc.","Consumer Discretionary","http://finance.yahoo.com/q?s=BIG"
"BIIB","BIOGEN IDEC Inc.","Health Care","http://finance.yahoo.com/q?s=BIIB"
"BLK","BlackRock","Financials","http://finance.yahoo.com/q?s=BLK"
"HRB","Block HR","Consumer Discretionary","http://finance.yahoo.com/q?s=HRB"
"BMC","BMC Software","Information Technology","http://finance.yahoo.com/q?s=BMC"
"BA","Boeing Company","Industrials","http://finance.yahoo.com/q?s=BA"
"BWA","BorgWarner","Consumer Discretionary","http://finance.yahoo.com/q?s=BWA"
"BXP","Boston Properties","Financials","http://finance.yahoo.com/q?s=BXP"
"BSX","Boston Scientific","Health Care","http://finance.yahoo.com/q?s=BSX"
"BMY","Bristol-Myers Squibb","Health Care","http://finance.yahoo.com/q?s=BMY"
"BRCM","Broadcom Corporation","Information Technology","http://finance.yahoo.com/q?s=BRCM"
"BFB","Brown-Forman Corporation","Consumer Staples","http://finance.yahoo.com/q?s=BFB"
"CHRW","C. H. Robinson Worldwide","Industrials","http://finance.yahoo.com/q?s=CHRW"
"CA","CA, Inc.","Information Technology","http://finance.yahoo.com/q?s=CA"
"CVC","Cablevision Systems Corp.","Consumer Discretionary","http://finance.yahoo.com/q?s=CVC"
"COG","Cabot Oil  Gas","Energy","http://finance.yahoo.com/q?s=COG"
"CAM","Cameron International Corp.","Energy","http://finance.yahoo.com/q?s=CAM"
"CPB","Campbell Soup","Consumer Staples","http://finance.yahoo.com/q?s=CPB"
"COF","Capital One Financial","Financials","http://finance.yahoo.com/q?s=COF"
"CAH","Cardinal Health Inc.","Health Care","http://finance.yahoo.com/q?s=CAH"
"CFN","Carefusion","Health Care","http://finance.yahoo.com/q?s=CFN"
"KMX","Carmax Inc","Consumer Discretionary","http://finance.yahoo.com/q?s=KMX"
"CCL","Carnival Corp.","Consumer Discretionary","http://finance.yahoo.com/q?s=CCL"
"CAT","Caterpillar Inc.","Industrials","http://finance.yahoo.com/q?s=CAT"
"CBG","CBRE Group","Financials","http://finance.yahoo.com/q?s=CBG"
"CBS","CBS Corp.","Consumer Discretionary","http://finance.yahoo.com/q?s=CBS"
"CELG","Celgene Corp.","Health Care","http://finance.yahoo.com/q?s=CELG"
"CNP","CenterPoint Energy","Utilities","http://finance.yahoo.com/q?s=CNP"
"CTL","CenturyLink Inc","Telecommunications Services","http://finance.yahoo.com/q?s=CTL"
"CERN","Cerner","Health Care","http://finance.yahoo.com/q?s=CERN"
"CF","CF Industries Holdings Inc","Materials","http://finance.yahoo.com/q?s=CF"
"SCHW","Charles Schwab","Financials","http://finance.yahoo.com/q?s=SCHW"
"CHK","Chesapeake Energy","Energy","http://finance.yahoo.com/q?s=CHK"
"CVX","Chevron Corp.","Energy","http://finance.yahoo.com/q?s=CVX"
"CMG","Chipotle Mexican Grill","Consumer Discretionary","http://finance.yahoo.com/q?s=CMG"
"CB","Chubb Corp.","Financials","http://finance.yahoo.com/q?s=CB"
"CI","CIGNA Corp.","Health Care","http://finance.yahoo.com/q?s=CI"
"CINF","Cincinnati Financial","Financials","http://finance.yahoo.com/q?s=CINF"
"CTAS","Cintas Corporation","Industrials","http://finance.yahoo.com/q?s=CTAS"
"CSCO","Cisco Systems","Information Technology","http://finance.yahoo.com/q?s=CSCO"
"C","Citigroup Inc.","Financials","http://finance.yahoo.com/q?s=C"
"CTXS","Citrix Systems","Information Technology","http://finance.yahoo.com/q?s=CTXS"
"CLF","Cliffs Natural Resources","Materials","http://finance.yahoo.com/q?s=CLF"
"CLX","Clorox Co.","Consumer Staples","http://finance.yahoo.com/q?s=CLX"
"CME","CME Group Inc.","Financials","http://finance.yahoo.com/q?s=CME"
"CMS","CMS Energy","Utilities","http://finance.yahoo.com/q?s=CMS"
"COH","Coach Inc.","Consumer Discretionary","http://finance.yahoo.com/q?s=COH"
"KO","Coca Cola Co.","Consumer Staples","http://finance.yahoo.com/q?s=KO"
"CCE","Coca-Cola Enterprises","Consumer Staples","http://finance.yahoo.com/q?s=CCE"
"CTSH","Cognizant Technology Solutions","Information Technology","http://finance.yahoo.com/q?s=CTSH"
"CL","Colgate-Palmolive","Consumer Staples","http://finance.yahoo.com/q?s=CL"
"CMCSA","Comcast Corp.","Consumer Discretionary","http://finance.yahoo.com/q?s=CMCSA"
"CMA","Comerica Inc.","Financials","http://finance.yahoo.com/q?s=CMA"
"CSC","Computer Sciences Corp.","Information Technology","http://finance.yahoo.com/q?s=CSC"
"CAG","ConAgra Foods Inc.","Consumer Staples","http://finance.yahoo.com/q?s=CAG"
"COP","ConocoPhillips","Energy","http://finance.yahoo.com/q?s=COP"
"CNX","CONSOL Energy Inc.","Energy","http://finance.yahoo.com/q?s=CNX"
"ED","Consolidated Edison","Utilities","http://finance.yahoo.com/q?s=ED"
"STZ","Constellation Brands","Consumer Staples","http://finance.yahoo.com/q?s=STZ"
"CBE","Cooper Industries","Industrials","http://finance.yahoo.com/q?s=CBE"
"GLW","Corning Inc.","Industrials","http://finance.yahoo.com/q?s=GLW"
"COST","Costco Co.","Consumer Staples","http://finance.yahoo.com/q?s=COST"
"CVH","Coventry Health Care Inc.","Health Care","http://finance.yahoo.com/q?s=CVH"
"COV","Covidien plc","Health Care","http://finance.yahoo.com/q?s=COV"
"CCI","Crown Castle International Corp.","Telecommunications Services","http://finance.yahoo.com/q?s=CCI"
"CSX","CSX Corp.","Industrials","http://finance.yahoo.com/q?s=CSX"
"CMI","Cummins Inc.","Industrials","http://finance.yahoo.com/q?s=CMI"
"CVS","CVS Caremark Corp.","Consumer Staples","http://finance.yahoo.com/q?s=CVS"
"DHI","D. R. Horton","Consumer Discretionary","http://finance.yahoo.com/q?s=DHI"
"DHR","Danaher Corp.","Industrials","http://finance.yahoo.com/q?s=DHR"
"DRI","Darden Restaurants","Consumer Discretionary","http://finance.yahoo.com/q?s=DRI"
"DVA","DaVita Inc.","Health Care","http://finance.yahoo.com/q?s=DVA"
"DF","Dean Foods","Consumer Staples","http://finance.yahoo.com/q?s=DF"
"DE","Deere  Co.","Industrials","http://finance.yahoo.com/q?s=DE"
"DELL","Dell Inc.","Information Technology","http://finance.yahoo.com/q?s=DELL"
"DNR","Denbury Resources Inc.","Energy","http://finance.yahoo.com/q?s=DNR"
"XRAY","Dentsply International","Health Care","http://finance.yahoo.com/q?s=XRAY"
"DVN","Devon Energy Corp.","Energy","http://finance.yahoo.com/q?s=DVN"
"DV","DeVry, Inc.","Consumer Discretionary","http://finance.yahoo.com/q?s=DV"
"DO","Diamond Offshore Drilling","Energy","http://finance.yahoo.com/q?s=DO"
"DTV","DirecTV","Consumer Discretionary","http://finance.yahoo.com/q?s=DTV"
"DFS","Discover Financial Services","Financials","http://finance.yahoo.com/q?s=DFS"
"DISCA","Discovery Communications","Consumer Discretionary","http://finance.yahoo.com/q?s=DISCA"
"DLTR","Dollar Tree","Consumer Discretionary","http://finance.yahoo.com/q?s=DLTR"
"D","Dominion Resources","Utilities","http://finance.yahoo.com/q?s=D"
"RRD","Donnelley (R.R.)  Sons","Industrials","http://finance.yahoo.com/q?s=RRD"
"DOV","Dover Corp.","Industrials","http://finance.yahoo.com/q?s=DOV"
"DOW","Dow Chemical","Materials","http://finance.yahoo.com/q?s=DOW"
"DPS","Dr Pepper Snapple Group","Consumer Staples","http://finance.yahoo.com/q?s=DPS"
"DTE","DTE Energy Co.","Utilities","http://finance.yahoo.com/q?s=DTE"
"DD","Du Pont (E.I.)","Materials","http://finance.yahoo.com/q?s=DD"
"DUK","Duke Energy","Utilities","http://finance.yahoo.com/q?s=DUK"
"DNB","Dun  Bradstreet","Industrials","http://finance.yahoo.com/q?s=DNB"
"ETFC","E-Trade","Financials","http://finance.yahoo.com/q?s=ETFC"
"EMN","Eastman Chemical","Materials","http://finance.yahoo.com/q?s=EMN"
"ETN","Eaton Corp.","Industrials","http://finance.yahoo.com/q?s=ETN"
"EBAY","eBay Inc.","Information Technology","http://finance.yahoo.com/q?s=EBAY"
"ECL","Ecolab Inc.","Materials","http://finance.yahoo.com/q?s=ECL"
"EIX","Edison Int'l","Utilities","http://finance.yahoo.com/q?s=EIX"
"EW","Edwards Lifesciences","Health Care","http://finance.yahoo.com/q?s=EW"
"EA","Electronic Arts","Information Technology","http://finance.yahoo.com/q?s=EA"
"EMC","EMC Corp.","Information Technology","http://finance.yahoo.com/q?s=EMC"
"EMR","Emerson Electric","Industrials","http://finance.yahoo.com/q?s=EMR"
"ETR","Entergy Corp.","Utilities","http://finance.yahoo.com/q?s=ETR"
"EOG","EOG Resources","Energy","http://finance.yahoo.com/q?s=EOG"
"EQT","EQT Corporation","Utilities","http://finance.yahoo.com/q?s=EQT"
"EFX","Equifax Inc.","Financials","http://finance.yahoo.com/q?s=EFX"
"EQR","Equity Residential","Financials","http://finance.yahoo.com/q?s=EQR"
"EL","Estee Lauder Cos.","Consumer Staples","http://finance.yahoo.com/q?s=EL"
"EXC","Exelon Corp.","Utilities","http://finance.yahoo.com/q?s=EXC"
"EXPE","Expedia Inc.","Consumer Discretionary","http://finance.yahoo.com/q?s=EXPE"
"EXPD","Expeditors Int'l","Industrials","http://finance.yahoo.com/q?s=EXPD"
"ESRX","Express Scripts","Health Care","http://finance.yahoo.com/q?s=ESRX"
"XOM","Exxon Mobil Corp.","Energy","http://finance.yahoo.com/q?s=XOM"
"FFIV","F5 Networks","Information Technology","http://finance.yahoo.com/q?s=FFIV"
"FDO","Family Dollar Stores","Consumer Discretionary","http://finance.yahoo.com/q?s=FDO"
"FAST","Fastenal Co","Industrials","http://finance.yahoo.com/q?s=FAST"
"FII","Federated Investors Inc.","Financials","http://finance.yahoo.com/q?s=FII"
"FDX","FedEx Corporation","Industrials","http://finance.yahoo.com/q?s=FDX"
"FIS","Fidelity National Information Services","Information Technology","http://finance.yahoo.com/q?s=FIS"
"FITB","Fifth Third Bancorp","Financials","http://finance.yahoo.com/q?s=FITB"
"FHN","First Horizon National","Financials","http://finance.yahoo.com/q?s=FHN"
"FSLR","First Solar Inc","Industrials","http://finance.yahoo.com/q?s=FSLR"
"FE","FirstEnergy Corp","Utilities","http://finance.yahoo.com/q?s=FE"
"FISV","Fiserv Inc","Information Technology","http://finance.yahoo.com/q?s=FISV"
"FLIR","FLIR Systems","Information Technology","http://finance.yahoo.com/q?s=FLIR"
"FLS","Flowserve Corporation","Industrials","http://finance.yahoo.com/q?s=FLS"
"FLR","Fluor Corp.","Industrials","http://finance.yahoo.com/q?s=FLR"
"FMC","FMC Corporation","Materials","http://finance.yahoo.com/q?s=FMC"
"FTI","FMC Technologies Inc.","Energy","http://finance.yahoo.com/q?s=FTI"
"F","Ford Motor","Consumer Discretionary","http://finance.yahoo.com/q?s=F"
"FRX","Forest Laboratories","Health Care","http://finance.yahoo.com/q?s=FRX"
"FOSL","Fossil, Inc.","Consumer Discretionary","http://finance.yahoo.com/q?s=FOSL"
"BEN","Franklin Resources","Financials","http://finance.yahoo.com/q?s=BEN"
"FCX","Freeport-McMoran Cp  Gld","Materials","http://finance.yahoo.com/q?s=FCX"
"FTR","Frontier Communications","Telecommunications Services","http://finance.yahoo.com/q?s=FTR"
"GME","GameStop Corp.","Consumer Discretionary","http://finance.yahoo.com/q?s=GME"
"GCI","Gannett Co.","Consumer Discretionary","http://finance.yahoo.com/q?s=GCI"
"GPS","Gap (The)","Consumer Discretionary","http://finance.yahoo.com/q?s=GPS"
"GD","General Dynamics","Industrials","http://finance.yahoo.com/q?s=GD"
"GE","General Electric","Industrials","http://finance.yahoo.com/q?s=GE"
"GIS","General Mills","Consumer Staples","http://finance.yahoo.com/q?s=GIS"
"GPC","Genuine Parts","Consumer Discretionary","http://finance.yahoo.com/q?s=GPC"
"GNW","Genworth Financial Inc.","Financials","http://finance.yahoo.com/q?s=GNW"
"GILD","Gilead Sciences","Health Care","http://finance.yahoo.com/q?s=GILD"
"GS","Goldman Sachs Group","Financials","http://finance.yahoo.com/q?s=GS"
"GR","Goodrich Corporation","Industrials","http://finance.yahoo.com/q?s=GR"
"GT","Goodyear Tire  Rubber","Consumer Discretionary","http://finance.yahoo.com/q?s=GT"
"GOOG","Google Inc.","Information Technology","http://finance.yahoo.com/q?s=GOOG"
"GWW","Grainger (W.W.) Inc.","Industrials","http://finance.yahoo.com/q?s=GWW"
"HAL","Halliburton Co.","Energy","http://finance.yahoo.com/q?s=HAL"
"HOG","Harley-Davidson","Consumer Discretionary","http://finance.yahoo.com/q?s=HOG"
"HAR","Harman Int'l Industries","Consumer Discretionary","http://finance.yahoo.com/q?s=HAR"
"HRS","Harris Corporation","Information Technology","http://finance.yahoo.com/q?s=HRS"
"HIG","Hartford Financial Svc.Gp.","Financials","http://finance.yahoo.com/q?s=HIG"
"HAS","Hasbro Inc.","Consumer Discretionary","http://finance.yahoo.com/q?s=HAS"
"HCP","HCP Inc.","Financials","http://finance.yahoo.com/q?s=HCP"
"HCN","Health Care REIT","Financials","http://finance.yahoo.com/q?s=HCN"
"HNZ","Heinz (H.J.)","Consumer Staples","http://finance.yahoo.com/q?s=HNZ"
"HP","Helmerich  Payne","Energy","http://finance.yahoo.com/q?s=HP"
"HES","Hess Corporation","Energy","http://finance.yahoo.com/q?s=HES"
"HPQ","Hewlett-Packard","Information Technology","http://finance.yahoo.com/q?s=HPQ"
"HD","Home Depot","Consumer Discretionary","http://finance.yahoo.com/q?s=HD"
"HON","Honeywell Int'l Inc.","Industrials","http://finance.yahoo.com/q?s=HON"
"HRL","Hormel Foods Corp.","Consumer Staples","http://finance.yahoo.com/q?s=HRL"
"HSP","Hospira Inc.","Health Care","http://finance.yahoo.com/q?s=HSP"
"HST","Host Hotels  Resorts","Financials","http://finance.yahoo.com/q?s=HST"
"HCBK","Hudson City Bancorp","Financials","http://finance.yahoo.com/q?s=HCBK"
"HUM","Humana Inc.","Health Care","http://finance.yahoo.com/q?s=HUM"
"HBAN","Huntington Bancshares","Financials","http://finance.yahoo.com/q?s=HBAN"
"ITW","Illinois Tool Works","Industrials","http://finance.yahoo.com/q?s=ITW"
"IR","Ingersoll-Rand PLC","Industrials","http://finance.yahoo.com/q?s=IR"
"TEG","Integrys Energy Group Inc.","Utilities","http://finance.yahoo.com/q?s=TEG"
"INTC","Intel Corp.","Information Technology","http://finance.yahoo.com/q?s=INTC"
"ICE","IntercontinentalExchange Inc.","Financials","http://finance.yahoo.com/q?s=ICE"
"IBM","International Bus. Machines","Information Technology","http://finance.yahoo.com/q?s=IBM"
"IFF","International Flav/Frag","Materials","http://finance.yahoo.com/q?s=IFF"
"IGT","International Game Technology","Consumer Discretionary","http://finance.yahoo.com/q?s=IGT"
"IP","International Paper","Materials","http://finance.yahoo.com/q?s=IP"
"IPG","Interpublic Group","Consumer Discretionary","http://finance.yahoo.com/q?s=IPG"
"INTU","Intuit Inc.","Information Technology","http://finance.yahoo.com/q?s=INTU"
"ISRG","Intuitive Surgical Inc.","Health Care","http://finance.yahoo.com/q?s=ISRG"
"IVZ","Invesco Ltd.","Financials","http://finance.yahoo.com/q?s=IVZ"
"IRM","Iron Mountain Incorporated","Industrials","http://finance.yahoo.com/q?s=IRM"
"JBL","Jabil Circuit","Information Technology","http://finance.yahoo.com/q?s=JBL"
"JEC","Jacobs Engineering Group","Industrials","http://finance.yahoo.com/q?s=JEC"
"JDSU","JDS Uniphase Corp.","Information Technology","http://finance.yahoo.com/q?s=JDSU"
"JNJ","Johnson  Johnson","Health Care","http://finance.yahoo.com/q?s=JNJ"
"JCI","Johnson Controls","Consumer Discretionary","http://finance.yahoo.com/q?s=JCI"
"JOY","Joy Global Inc.","Industrials","http://finance.yahoo.com/q?s=JOY"
"JPM","JPMorgan Chase  Co.","Financials","http://finance.yahoo.com/q?s=JPM"
"JNPR","Juniper Networks","Information Technology","http://finance.yahoo.com/q?s=JNPR"
"K","Kellogg Co.","Consumer Staples","http://finance.yahoo.com/q?s=K"
"KEY","KeyCorp","Financials","http://finance.yahoo.com/q?s=KEY"
"KMB","Kimberly-Clark","Consumer Staples","http://finance.yahoo.com/q?s=KMB"
"KIM","Kimco Realty","Financials","http://finance.yahoo.com/q?s=KIM"
"KMI","Kinder Morgan","Energy","http://finance.yahoo.com/q?s=KMI"
"KLAC","KLA-Tencor Corp.","Information Technology","http://finance.yahoo.com/q?s=KLAC"
"KSS","Kohl's Corp.","Consumer Discretionary","http://finance.yahoo.com/q?s=KSS"
"KFT","Kraft Foods Inc-A","Consumer Staples","http://finance.yahoo.com/q?s=KFT"
"KR","Kroger Co.","Consumer Staples","http://finance.yahoo.com/q?s=KR"
"LLL","L-3 Communications Holdings","Industrials","http://finance.yahoo.com/q?s=LLL"
"LH","Laboratory Corp. of America Holding","Health Care","http://finance.yahoo.com/q?s=LH"
"LRCX","Lam Research","Information Technology","http://finance.yahoo.com/q?s=LRCX"
"LM","Legg Mason","Financials","http://finance.yahoo.com/q?s=LM"
"LEG","Leggett  Platt","Consumer Discretionary","http://finance.yahoo.com/q?s=LEG"
"LEN","Lennar Corp.","Consumer Discretionary","http://finance.yahoo.com/q?s=LEN"
"LUK","Leucadia National Corp.","Financials","http://finance.yahoo.com/q?s=LUK"
"LXK","Lexmark Int'l Inc","Information Technology","http://finance.yahoo.com/q?s=LXK"
"LIFE","Life Technologies","Health Care","http://finance.yahoo.com/q?s=LIFE"
"LLY","Lilly (Eli)  Co.","Health Care","http://finance.yahoo.com/q?s=LLY"
"LTD","Limited Brands Inc.","Consumer Discretionary","http://finance.yahoo.com/q?s=LTD"
"LNC","Lincoln National","Financials","http://finance.yahoo.com/q?s=LNC"
"LLTC","Linear Technology Corp.","Information Technology","http://finance.yahoo.com/q?s=LLTC"
"LMT","Lockheed Martin Corp.","Industrials","http://finance.yahoo.com/q?s=LMT"
"L","Loews Corp.","Financials","http://finance.yahoo.com/q?s=L"
"LO","Lorillard Inc.","Consumer Staples","http://finance.yahoo.com/q?s=LO"
"LOW","Lowe's Cos.","Consumer Discretionary","http://finance.yahoo.com/q?s=LOW"
"LSI","LSI Corporation","Information Technology","http://finance.yahoo.com/q?s=LSI"
"MTB","MT Bank Corp.","Financials","http://finance.yahoo.com/q?s=MTB"
"M","Macy's Inc.","Consumer Discretionary","http://finance.yahoo.com/q?s=M"
"MRO","Marathon Oil Corp.","Energy","http://finance.yahoo.com/q?s=MRO"
"MPC","Marathon Petroleum","Energy","http://finance.yahoo.com/q?s=MPC"
"MAR","Marriott Int'l.","Consumer Discretionary","http://finance.yahoo.com/q?s=MAR"
"MMC","Marsh  McLennan","Financials","http://finance.yahoo.com/q?s=MMC"
"MAS","Masco Corp.","Industrials","http://finance.yahoo.com/q?s=MAS"
"MA","Mastercard Inc.","Information Technology","http://finance.yahoo.com/q?s=MA"
"MAT","Mattel Inc.","Consumer Discretionary","http://finance.yahoo.com/q?s=MAT"
"MKC","McCormick  Co.","Consumer Staples","http://finance.yahoo.com/q?s=MKC"
"MCD","McDonald's Corp.","Consumer Discretionary","http://finance.yahoo.com/q?s=MCD"
"MHP","McGraw-Hill","Consumer Discretionary","http://finance.yahoo.com/q?s=MHP"
"MCK","McKesson Corp.","Health Care","http://finance.yahoo.com/q?s=MCK"
"MJN","Mead Johnson","Consumer Staples","http://finance.yahoo.com/q?s=MJN"
"MWV","MeadWestvaco Corporation","Materials","http://finance.yahoo.com/q?s=MWV"
"MDT","Medtronic Inc.","Health Care","http://finance.yahoo.com/q?s=MDT"
"MRK","Merck  Co.","Health Care","http://finance.yahoo.com/q?s=MRK"
"MET","MetLife Inc.","Financials","http://finance.yahoo.com/q?s=MET"
"PCS","MetroPCS Communications Inc.","Telecommunications Services","http://finance.yahoo.com/q?s=PCS"
"MCHP","Microchip Technology","Information Technology","http://finance.yahoo.com/q?s=MCHP"
"MU","Micron Technology","Information Technology","http://finance.yahoo.com/q?s=MU"
"MSFT","Microsoft Corp.","Information Technology","http://finance.yahoo.com/q?s=MSFT"
"MOLX","Molex Inc.","Information Technology","http://finance.yahoo.com/q?s=MOLX"
"TAP","Molson Coors Brewing Company","Consumer Staples","http://finance.yahoo.com/q?s=TAP"
"MON","Monsanto Co.","Materials","http://finance.yahoo.com/q?s=MON"
"MNST","Monster Beverage","Consumer Staples","http://finance.yahoo.com/q?s=MNST"
"MCO","Moody's Corp","Financials","http://finance.yahoo.com/q?s=MCO"
"MS","Morgan Stanley","Financials","http://finance.yahoo.com/q?s=MS"
"MOS","The Mosaic Company","Materials","http://finance.yahoo.com/q?s=MOS"
"MSI","Motorola Solutions Inc.","Information Technology","http://finance.yahoo.com/q?s=MSI"
"MUR","Murphy Oil","Energy","http://finance.yahoo.com/q?s=MUR"
"MYL","Mylan Inc.","Health Care","http://finance.yahoo.com/q?s=MYL"
"NBR","Nabors Industries Ltd.","Energy","http://finance.yahoo.com/q?s=NBR"
"NDAQ","NASDAQ OMX Group","Financials","http://finance.yahoo.com/q?s=NDAQ"
"NOV","National Oilwell Varco Inc.","Energy","http://finance.yahoo.com/q?s=NOV"
"NTAP","NetApp","Information Technology","http://finance.yahoo.com/q?s=NTAP"
"NFLX","NetFlix Inc.","Information Technology","http://finance.yahoo.com/q?s=NFLX"
"NWL","Newell Rubbermaid Co.","Consumer Discretionary","http://finance.yahoo.com/q?s=NWL"
"NFX","Newfield Exploration Co","Energy","http://finance.yahoo.com/q?s=NFX"
"NEM","Newmont Mining Corp. (Hldg. Co.)","Materials","http://finance.yahoo.com/q?s=NEM"
"NWSA","News Corporation","Consumer Discretionary","http://finance.yahoo.com/q?s=NWSA"
"NEE","NextEra Energy Resources","Utilities","http://finance.yahoo.com/q?s=NEE"
"NKE","NIKE Inc.","Consumer Discretionary","http://finance.yahoo.com/q?s=NKE"
"NI","NiSource Inc.","Utilities","http://finance.yahoo.com/q?s=NI"
"NE","Noble Corp","Energy","http://finance.yahoo.com/q?s=NE"
"NBL","Noble Energy Inc","Energy","http://finance.yahoo.com/q?s=NBL"
"JWN","Nordstrom","Consumer Discretionary","http://finance.yahoo.com/q?s=JWN"
"NSC","Norfolk Southern Corp.","Industrials","http://finance.yahoo.com/q?s=NSC"
"NTRS","Northern Trust Corp.","Financials","http://finance.yahoo.com/q?s=NTRS"
"NOC","Northrop Grumman Corp.","Industrials","http://finance.yahoo.com/q?s=NOC"
"NU","Northeast Utilities","Utilities","http://finance.yahoo.com/q?s=NU"
"NRG","NRG Energy","Utilities","http://finance.yahoo.com/q?s=NRG"
"NUE","Nucor Corp.","Materials","http://finance.yahoo.com/q?s=NUE"
"NVDA","Nvidia Corporation","Information Technology","http://finance.yahoo.com/q?s=NVDA"
"NYX","NYSE Euronext","Financials","http://finance.yahoo.com/q?s=NYX"
"ORLY","O'Reilly Automotive","Consumer Discretionary","http://finance.yahoo.com/q?s=ORLY"
"OXY","Occidental Petroleum","Energy","http://finance.yahoo.com/q?s=OXY"
"OMC","Omnicom Group","Consumer Discretionary","http://finance.yahoo.com/q?s=OMC"
"OKE","ONEOK","Utilities","http://finance.yahoo.com/q?s=OKE"
"ORCL","Oracle Corp.","Information Technology","http://finance.yahoo.com/q?s=ORCL"
"OI","Owens-Illinois Inc","Materials","http://finance.yahoo.com/q?s=OI"
"PCAR","PACCAR Inc.","Industrials","http://finance.yahoo.com/q?s=PCAR"
"PLL","Pall Corp.","Industrials","http://finance.yahoo.com/q?s=PLL"
"PH","Parker-Hannifin","Industrials","http://finance.yahoo.com/q?s=PH"
"PDCO","Patterson Companies","Health Care","http://finance.yahoo.com/q?s=PDCO"
"PAYX","Paychex Inc.","Information Technology","http://finance.yahoo.com/q?s=PAYX"
"BTU","Peabody Energy","Energy","http://finance.yahoo.com/q?s=BTU"
"JCP","Penney (J.C.)","Consumer Discretionary","http://finance.yahoo.com/q?s=JCP"
"PBCT","People's United Bank","Financials","http://finance.yahoo.com/q?s=PBCT"
"POM","Pepco Holdings Inc.","Utilities","http://finance.yahoo.com/q?s=POM"
"PEP","PepsiCo Inc.","Consumer Staples","http://finance.yahoo.com/q?s=PEP"
"PKI","PerkinElmer","Health Care","http://finance.yahoo.com/q?s=PKI"
"PRGO","Perrigo","Health Care","http://finance.yahoo.com/q?s=PRGO"
"PFE","Pfizer Inc.","Health Care","http://finance.yahoo.com/q?s=PFE"
"PCG","PGE Corp.","Utilities","http://finance.yahoo.com/q?s=PCG"
"PM","Philip Morris International","Consumer Staples","http://finance.yahoo.com/q?s=PM"
"PSX","Phillips 66","Energy","http://finance.yahoo.com/q?s=PSX"
"PNW","Pinnacle West Capital","Utilities","http://finance.yahoo.com/q?s=PNW"
"PXD","Pioneer Natural Resources","Energy","http://finance.yahoo.com/q?s=PXD"
"PBI","Pitney-Bowes","Industrials","http://finance.yahoo.com/q?s=PBI"
"PCL","Plum Creek Timber Co.","Financials","http://finance.yahoo.com/q?s=PCL"
"PNC","PNC Financial Services","Financials","http://finance.yahoo.com/q?s=PNC"
"RL","Polo Ralph Lauren Corp.","Consumer Discretionary","http://finance.yahoo.com/q?s=RL"
"PPG","PPG Industries","Materials","http://finance.yahoo.com/q?s=PPG"
"PPL","PPL Corp.","Utilities","http://finance.yahoo.com/q?s=PPL"
"PX","Praxair Inc.","Materials","http://finance.yahoo.com/q?s=PX"
"PCP","Precision Castparts","Industrials","http://finance.yahoo.com/q?s=PCP"
"PCLN","Priceline.com Inc","Industrials","http://finance.yahoo.com/q?s=PCLN"
"PFG","Principal Financial Group","Financials","http://finance.yahoo.com/q?s=PFG"
"PG","Procter  Gamble","Consumer Staples","http://finance.yahoo.com/q?s=PG"
"PGR","Progressive Corp.","Financials","http://finance.yahoo.com/q?s=PGR"
"PLD","ProLogis","Financials","http://finance.yahoo.com/q?s=PLD"
"PRU","Prudential Financial","Financials","http://finance.yahoo.com/q?s=PRU"
"PEG","Public Serv. Enterprise Inc.","Utilities","http://finance.yahoo.com/q?s=PEG"
"PSA","Public Storage","Financials","http://finance.yahoo.com/q?s=PSA"
"PHM","Pulte Homes Inc.","Consumer Discretionary","http://finance.yahoo.com/q?s=PHM"
"QEP","QEP Resources","Utilities","http://finance.yahoo.com/q?s=QEP"
"PWR","Quanta Services Inc.","Industrials","http://finance.yahoo.com/q?s=PWR"
"QCOM","QUALCOMM Inc.","Information Technology","http://finance.yahoo.com/q?s=QCOM"
"DGX","Quest Diagnostics","Health Care","http://finance.yahoo.com/q?s=DGX"
"RRC","Range Resources Corp.","Energy","http://finance.yahoo.com/q?s=RRC"
"RTN","Raytheon Co.","Industrials","http://finance.yahoo.com/q?s=RTN"
"RHT","Red Hat Inc.","Information Technology","http://finance.yahoo.com/q?s=RHT"
"RF","Regions Financial Corp.","Financials","http://finance.yahoo.com/q?s=RF"
"RSG","Republic Services Inc","Industrials","http://finance.yahoo.com/q?s=RSG"
"RAI","Reynolds American Inc.","Consumer Staples","http://finance.yahoo.com/q?s=RAI"
"RHI","Robert Half International","Industrials","http://finance.yahoo.com/q?s=RHI"
"ROK","Rockwell Automation Inc.","Industrials","http://finance.yahoo.com/q?s=ROK"
"COL","Rockwell Collins","Industrials","http://finance.yahoo.com/q?s=COL"
"ROP","Roper Industries","Industrials","http://finance.yahoo.com/q?s=ROP"
"ROST","Ross Stores Inc.","Consumer Discretionary","http://finance.yahoo.com/q?s=ROST"
"RDC","Rowan Cos.","Energy","http://finance.yahoo.com/q?s=RDC"
"R","Ryder System","Industrials","http://finance.yahoo.com/q?s=R"
"SWY","Safeway Inc.","Consumer Staples","http://finance.yahoo.com/q?s=SWY"
"SAI","SAIC","Information Technology","http://finance.yahoo.com/q?s=SAI"
"CRM","Salesforce.com","Information Technology","http://finance.yahoo.com/q?s=CRM"
"SNDK","SanDisk Corporation","Information Technology","http://finance.yahoo.com/q?s=SNDK"
"SCG","SCANA Corp","Utilities","http://finance.yahoo.com/q?s=SCG"
"SLB","Schlumberger Ltd.","Energy","http://finance.yahoo.com/q?s=SLB"
"SNI","Scripps Networks Interactive Inc.","Consumer Discretionary","http://finance.yahoo.com/q?s=SNI"
"STX","Seagate Technology","Information Technology","http://finance.yahoo.com/q?s=STX"
"SEE","Sealed Air Corp.(New)","Materials","http://finance.yahoo.com/q?s=SEE"
"SHLD","Sears Holdings Corporation","Consumer Discretionary","http://finance.yahoo.com/q?s=SHLD"
"SRE","Sempra Energy","Utilities","http://finance.yahoo.com/q?s=SRE"
"SHW","Sherwin-Williams","Consumer Discretionary","http://finance.yahoo.com/q?s=SHW"
"SIAL","Sigma-Aldrich","Materials","http://finance.yahoo.com/q?s=SIAL"
"SPG","Simon Property Group Inc","Financials","http://finance.yahoo.com/q?s=SPG"
"SLM","SLM Corporation","Financials","http://finance.yahoo.com/q?s=SLM"
"SJM","Smucker (J.M.)","Consumer Staples","http://finance.yahoo.com/q?s=SJM"
"SNA","Snap-On Inc.","Consumer Discretionary","http://finance.yahoo.com/q?s=SNA"
"SO","Southern Co.","Utilities","http://finance.yahoo.com/q?s=SO"
"LUV","Southwest Airlines","Industrials","http://finance.yahoo.com/q?s=LUV"
"SWN","Southwestern Energy","Energy","http://finance.yahoo.com/q?s=SWN"
"SE","Spectra Energy Corp.","Energy","http://finance.yahoo.com/q?s=SE"
"S","Sprint Nextel Corp.","Telecommunications Services","http://finance.yahoo.com/q?s=S"
"STJ","St Jude Medical","Health Care","http://finance.yahoo.com/q?s=STJ"
"SWK","Stanley Black  Decker","Consumer Discretionary","http://finance.yahoo.com/q?s=SWK"
"SPLS","Staples Inc.","Consumer Discretionary","http://finance.yahoo.com/q?s=SPLS"
"SBUX","Starbucks Corp.","Consumer Discretionary","http://finance.yahoo.com/q?s=SBUX"
"HOT","Starwood Hotels  Resorts","Consumer Discretionary","http://finance.yahoo.com/q?s=HOT"
"STT","State Street Corp.","Financials","http://finance.yahoo.com/q?s=STT"
"SRCL","Stericycle Inc","Industrials","http://finance.yahoo.com/q?s=SRCL"
"SYK","Stryker Corp.","Health Care","http://finance.yahoo.com/q?s=SYK"
"SUN","Sunoco Inc.","Energy","http://finance.yahoo.com/q?s=SUN"
"STI","SunTrust Banks","Financials","http://finance.yahoo.com/q?s=STI"
"SYMC","Symantec Corp.","Information Technology","http://finance.yahoo.com/q?s=SYMC"
"SYY","Sysco Corp.","Consumer Staples","http://finance.yahoo.com/q?s=SYY"
"TROW","T. Rowe Price Group","Financials","http://finance.yahoo.com/q?s=TROW"
"TGT","Target Corp.","Consumer Discretionary","http://finance.yahoo.com/q?s=TGT"
"TEL","TE Connectivity Ltd.","Information Technology","http://finance.yahoo.com/q?s=TEL"
"TE","TECO Energy","Utilities","http://finance.yahoo.com/q?s=TE"
"THC","Tenet Healthcare Corp.","Health Care","http://finance.yahoo.com/q?s=THC"
"TDC","Teradata Corp.","Information Technology","http://finance.yahoo.com/q?s=TDC"
"TER","Teradyne Inc.","Information Technology","http://finance.yahoo.com/q?s=TER"
"TSO","Tesoro Petroleum Co.","Energy","http://finance.yahoo.com/q?s=TSO"
"TXN","Texas Instruments","Information Technology","http://finance.yahoo.com/q?s=TXN"
"TXT","Textron Inc.","Industrials","http://finance.yahoo.com/q?s=TXT"
"HSY","The Hershey Company","Consumer Staples","http://finance.yahoo.com/q?s=HSY"
"TRV","The Travelers Companies Inc.","Financials","http://finance.yahoo.com/q?s=TRV"
"TMO","Thermo Fisher Scientific","Health Care","http://finance.yahoo.com/q?s=TMO"
"TIF","Tiffany  Co.","Consumer Discretionary","http://finance.yahoo.com/q?s=TIF"
"TWX","Time Warner Inc.","Consumer Discretionary","http://finance.yahoo.com/q?s=TWX"
"TWC","Time Warner Cable Inc.","Consumer Discretionary","http://finance.yahoo.com/q?s=TWC"
"TIE","Titanium Metals Corp","Materials","http://finance.yahoo.com/q?s=TIE"
"TJX","TJX Companies Inc.","Consumer Discretionary","http://finance.yahoo.com/q?s=TJX"
"TMK","Torchmark Corp.","Financials","http://finance.yahoo.com/q?s=TMK"
"TSS","Total System Services","Information Technology","http://finance.yahoo.com/q?s=TSS"
"TRIP","TripAdvisor","Consumer Discretionary","http://finance.yahoo.com/q?s=TRIP"
"TSN","Tyson Foods","Consumer Staples","http://finance.yahoo.com/q?s=TSN"
"TYC","Tyco International","Industrials","http://finance.yahoo.com/q?s=TYC"
"USB","U.S. Bancorp","Financials","http://finance.yahoo.com/q?s=USB"
"UNP","Union Pacific","Industrials","http://finance.yahoo.com/q?s=UNP"
"UNH","United Health Group Inc.","Health Care","http://finance.yahoo.com/q?s=UNH"
"UPS","United Parcel Service","Industrials","http://finance.yahoo.com/q?s=UPS"
"X","United States Steel Corp.","Materials","http://finance.yahoo.com/q?s=X"
"UTX","United Technologies","Industrials","http://finance.yahoo.com/q?s=UTX"
"UNM","Unum Group","Financials","http://finance.yahoo.com/q?s=UNM"
"URBN","Urban Outfitters","Consumer Discretionary","http://finance.yahoo.com/q?s=URBN"
"VFC","V.F. Corp.","Consumer Discretionary","http://finance.yahoo.com/q?s=VFC"
"VLO","Valero Energy","Energy","http://finance.yahoo.com/q?s=VLO"
"VAR","Varian Medical Systems","Health Care","http://finance.yahoo.com/q?s=VAR"
"VTR","Ventas Inc","Financials","http://finance.yahoo.com/q?s=VTR"
"VRSN","Verisign Inc.","Information Technology","http://finance.yahoo.com/q?s=VRSN"
"VZ","Verizon Communications","Telecommunications Services","http://finance.yahoo.com/q?s=VZ"
"VIAB","Viacom Inc.","Consumer Discretionary","http://finance.yahoo.com/q?s=VIAB"
"V","Visa Inc.","Information Technology","http://finance.yahoo.com/q?s=V"
"VNO","Vornado Realty Trust","Financials","http://finance.yahoo.com/q?s=VNO"
"VMC","Vulcan Materials","Materials","http://finance.yahoo.com/q?s=VMC"
"WMT","Wal-Mart Stores","Consumer Staples","http://finance.yahoo.com/q?s=WMT"
"WAG","Walgreen Co.","Consumer Staples","http://finance.yahoo.com/q?s=WAG"
"DIS","Walt Disney Co.","Consumer Discretionary","http://finance.yahoo.com/q?s=DIS"
"WPO","Washington Post Co B","Consumer Discretionary","http://finance.yahoo.com/q?s=WPO"
"WM","Waste Management Inc.","Industrials","http://finance.yahoo.com/q?s=WM"
"WAT","Waters Corporation","Health Care","http://finance.yahoo.com/q?s=WAT"
"WPI","Watson Pharmaceuticals","Health Care","http://finance.yahoo.com/q?s=WPI"
"WLP","WellPoint Inc.","Health Care","http://finance.yahoo.com/q?s=WLP"
"WFC","Wells Fargo","Financials","http://finance.yahoo.com/q?s=WFC"
"WDC","Western Digital","Information Technology","http://finance.yahoo.com/q?s=WDC"
"WU","Western Union Co","Information Technology","http://finance.yahoo.com/q?s=WU"
"WY","Weyerhaeuser Corp.","Financials","http://finance.yahoo.com/q?s=WY"
"WHR","Whirlpool Corp.","Consumer Discretionary","http://finance.yahoo.com/q?s=WHR"
"WFM","Whole Foods Market","Consumer Staples","http://finance.yahoo.com/q?s=WFM"
"WMB","Williams Cos.","Energy","http://finance.yahoo.com/q?s=WMB"
"WIN","Windstream Corporation","Telecommunications Services","http://finance.yahoo.com/q?s=WIN"
"WEC","Wisconsin Energy Corporation","Utilities","http://finance.yahoo.com/q?s=WEC"
"WPX","WPX Energy, Inc.","Energy","http://finance.yahoo.com/q?s=WPX"
"WYN","Wyndham Worldwide","Consumer Discretionary","http://finance.yahoo.com/q?s=WYN"
"WYNN","Wynn Resorts Ltd","Consumer Discretionary","http://finance.yahoo.com/q?s=WYNN"
"XEL","Xcel Energy Inc","Utilities","http://finance.yahoo.com/q?s=XEL"
"XRX","Xerox Corp.","Information Technology","http://finance.yahoo.com/q?s=XRX"
"XLNX","Xilinx Inc","Information Technology","http://finance.yahoo.com/q?s=XLNX"
"XL","XL Capital","Financials","http://finance.yahoo.com/q?s=XL"
"XYL","Xylem Inc.","Industrials","http://finance.yahoo.com/q?s=XYL"
"YHOO","Yahoo Inc.","Information Technology","http://finance.yahoo.com/q?s=YHOO"
"YUM","Yum! Brands Inc","Consumer Discretionary","http://finance.yahoo.com/q?s=YUM"
"ZMH","Zimmer Holdings","Health Care","http://finance.yahoo.com/q?s=ZMH"
"ZION","Zions Bancorp","Financials","http://finance.yahoo.com/q?s=ZION"
